<?xml version="1.0" encoding="UTF-8"?>
<?xml-stylesheet type="text/xsl" href="configuration.xsl"?>
<!--
  Licensed under the Apache License, Version 2.0 (the "License");
  you may not use this file except in compliance with the License.
  You may obtain a copy of the License at

    http://www.apache.org/licenses/LICENSE-2.0

  Unless required by applicable law or agreed to in writing, software
  distributed under the License is distributed on an "AS IS" BASIS,
  WITHOUT WARRANTIES OR CONDITIONS OF ANY KIND, either express or implied.
  See the License for the specific language governing permissions and
  limitations under the License. See accompanying LICENSE file.
-->

<!-- Put site-specific property overrides in this file. -->

<!-- REF: http://hadoop.apache.org/docs/r2.3.0/hadoop-project-dist/hadoop-common/core-default.xml -->
<configuration>
   <!--
   <property> 
      <name>fs.defaultFS</name> 
      <value>hdfs://namenode.full.hostname:9000</value>
      <description>Enter your NameNode hostname</description> 
   </property>
   -->
   
   <!-- Hadoop HA -->
   <property>
        <name>fs.defaultFS</name>
        <value>hdfs://mycluster</value>
   </property>
   
   <property>
        <name>ha.zookeeper.quorum</name>
        <value>master:2181,slave1:2181,idoharness:2181</value>
   </property>
   
   <property> 
      <name>hadoop.tmp.dir</name> 
      <value>/home/hadoopuser/tmp</value>
      <description>Enter your tmp directory</description> 
   </property>
   
   <property> 
      <name>io.file.buffer.size</name> 
      <value>4096</value>
      <description>write file IO, if big cluster, suggest using 65536 to 131072</description> 
   </property>
   
   <!--
   <property>
        <name>net.topology.script.file.name</name>
        <value>/home/hadoopuser/bin/rackawareness.py</value>
        <description>set rack property</description>
    </property>
    -->
    
    <property>
        <name>fs.trash.interval</name>
        <value>1500</value>
        <description>clear trash</description>
    </property>
    
    <property>
        <name>ipc.client.connection.maxidletime</name>
        <value>10000</value>
        <description>the max idle time connection</description>
    </property>
    
    <property>
        <name>io.compression.codecs</name>
        <value>org.apache.hadoop.io.compress.GzipCodec,org.apache.hadoop.io.compress.DefaultCodec,com.hadoop.compression.lzo.LzoCodec,com.hadoop.compression.lzo.LzopCodec,org.apache.hadoop.io.compress.BZip2Codec</value>
    </property>
    <property>
        <name>io.compression.codec.lzo.class</name>
        <value>com.hadoop.compression.lzo.LzoCodec</value>
    </property>
    
</configuration>
