<?xml version="1.0" encoding="UTF-8"?>
<?xml-stylesheet type="text/xsl" href="configuration.xsl"?>
<!--
  Licensed under the Apache License, Version 2.0 (the "License");
  you may not use this file except in compliance with the License.
  You may obtain a copy of the License at

    http://www.apache.org/licenses/LICENSE-2.0

  Unless required by applicable law or agreed to in writing, software
  distributed under the License is distributed on an "AS IS" BASIS,
  WITHOUT WARRANTIES OR CONDITIONS OF ANY KIND, either express or implied.
  See the License for the specific language governing permissions and
  limitations under the License. See accompanying LICENSE file.
-->

<!-- Put site-specific property overrides in this file. -->

<configuration>

    <property>
        <name>dfs.nameservices</name>
        <value>mycluster</value>
        <description>namenode service mapping with core-site.xml</description>      
    </property>
    
    <property>
        <name>dfs.ha.namenodes.mycluster</name>
        <value>nn1,nn2</value>
    </property>
    
    <property>
        <name>dfs.namenode.rpc-address.mycluster.nn1</name>
        <value>master:9000</value>
    </property>
    <property>
        <name>dfs.namenode.rpc-address.mycluster.nn2</name>
        <value>slave1:9000</value>
    </property>
    
    <property>
        <name>dfs.namenode.http-address.mycluster.nn1</name>
        <value>master:50070</value>
    </property>
    <property>
        <name>dfs.namenode.http-address.mycluster.nn2</name>
        <value>slave1:50070</value>
    </property>
    
    <property>  
        <name>dfs.namenode.shared.edits.dir</name>  
        <value>qjournal://master:8485;slave1:8485;idoharness:8485/mycluster</value>  
    </property>  
    
    <property>
        <name>dfs.client.failover.proxy.provider.mycluster</name>
        <value>org.apache.hadoop.hdfs.server.namenode.ha.ConfiguredFailoverProxyProvider</value>
    </property>
    
    <property>
        <name>dfs.journalnode.edits.dir</name>
        <value>/home/hadoopuser/journal/node/local/data</value>
    </property>
    
    <property>
        <name>dfs.ha.fencing.methods</name>
        <value>sshfence</value>
    </property>

    <property>
        <name>dfs.ha.fencing.ssh.private-key-files</name>
        <value>/home/hadoopuser/.ssh/id_rsa</value>
    </property>
    
    <property>
        <name>dfs.ha.fencing.ssh.connect-timeout</name>
        <value>30000</value>
    </property>
    
   <property>
        <name>dfs.ha.automatic-failover.enabled</name>
        <value>true</value>
    </property>


   <property> 
      <name>dfs.namenode.name.dir</name> 
      <value>file:///home/hadoopuser/dfs/name/1,file:///home/hadoopuser/dfs/name/2</value>
      <description>namenode data, If this is a comma-delimited list of directories then the name table is replicated in all of the directories, for redundancy.</description> 
   </property>
   
   <property> 
      <name>dfs.datanode.data.dir</name> 
      <value>file:///home/hadoopuser/dfs/data/1,file:///home/hadoopuser/dfs/data/2</value>
      <description>datanode data, If this is a comma-delimited list of directories then the name table is replicated in all of the directories, for redundancy.</description> 
   </property>
   
   <property> 
      <name>fs.replication.max</name> 
      <value>512</value>
      <description>Maximal block replication.</description> 
   </property>
   
    <property> 
      <name>dfs.blocksize</name> 
      <value>134217728</value>
      <description>block size</description> 
   </property>
   
   <property> 
      <name>dfs.replication</name> 
      <value>3</value>
      <description>backup file</description> 
   </property>
   
   <property> 
      <name>dfs.support.append</name> 
      <value>true</value>
      <description>append file</description> 
   </property>
   
   <property> 
      <name>dfs.namenode.handler.count</name> 
      <value>10</value>
      <description>namenode server threads </description> 
   </property>
   
   <property> 
      <name>dfs.datanode.handler.count</name> 
      <value>10</value>
      <description>datanode server threads </description> 
   </property>
   
    <property> 
      <name>dfs.datanode.max.transfer.threads</name> 
      <value>4096</value>
      <description>Specifies the maximum number of threads to use for transferring data in and out of the DN.</description> 
   </property>
   
    <property> 
      <name>dfs.datanode.failed.volumes.tolerated</name> 
      <value>0</value>
      <description>dfs.datanode.failed.volumes.tolerated.</description> 
   </property>
   
   <property> 
      <name>dfs.datanode.du.reserved</name> 
      <value>0</value>
      <description>dfs.datanode.du.reserved.</description> 
   </property>
   



</configuration>
